id,posted_date,submitter,organization,last_name,first_name,title,text_file,attachment_files
COLC-2015-0012-0006,2016-03-04T05:00:00Z,Hunt-Otto,,Hunt,Otto,Initial Comments -  Otto Hunt,COLC-2015-0012-0006_Hunt-Otto_comment.txt,
COLC-2015-0012-0079,2016-04-03T04:00:00Z,Duan-Charles,,Duan,Charles,Initial Reply Comments - Charles Duan,COLC-2015-0012-0079_Duan-Charles_comment.txt,COLC-2015-0012-0079_Duan-Charles_0900006481f144ac.pdf
COLC-2015-0012-0086,2016-04-03T04:00:00Z,Decherney-Peter,,Decherney,Peter,Initial Reply Comments - Peter Decherney,COLC-2015-0012-0086_Decherney-Peter_comment.txt,COLC-2015-0012-0086_Decherney-Peter_0900006481f1d1df.pdf
COLC-2015-0012-0072,2016-04-03T04:00:00Z,Alliance of Automobile Manufacturers,Alliance of Automobile Manufacturers,Metalitz,Steven,Initial Reply Comments - Alliance of Automobile Manufacturers,COLC-2015-0012-0072_Alliance-of-Automobile-Manufacturers_comment.txt,COLC-2015-0012-0072_Alliance-of-Automobile-Manufacturers_0900006481eeb156.pdf
COLC-2015-0012-0101,2016-10-28T04:00:00Z,Ehrhart-Brian,,Ehrhart,Brian,"Additional Comments - Ehrhart, Brian",COLC-2015-0012-0101_Ehrhart-Brian_comment.txt,
COLC-2015-0012-0009,2016-03-04T05:00:00Z,Yeates-Nick,,Yeates,Nick,Initial Comments -  Nick Yeates,COLC-2015-0012-0009_Yeates-Nick_comment.txt,
COLC-2015-0012-0023,2016-03-04T05:00:00Z,Dulaney-John,,Dulaney,John,Initial Comments - John Dulaney,COLC-2015-0012-0023_Dulaney-John_comment.txt,
COLC-2015-0012-0008,2016-03-04T05:00:00Z,Olivo-Peter,,Olivo,Peter,Initial Comments -  Peter Olivo,COLC-2015-0012-0008_Olivo-Peter_comment.txt,
COLC-2015-0012-0070,2016-03-04T05:00:00Z,Ymous-ANON,,Ymous,ANON,Initial Comments - ANON Ymous,COLC-2015-0012-0070_Ymous-ANON_comment.txt,
COLC-2015-0012-0045,2016-03-04T05:00:00Z,"AAP, MPAA and RIAA","AAP, MPAA and RIAA",Sheffner,Ben,"Initial Comments - AAP, MPAA, RIAA",COLC-2015-0012-0045_AAP-MPAA-and-RIAA_comment.txt,COLC-2015-0012-0045_AAP-MPAA-and-RIAA_0900006481e9f166.pdf
COLC-2015-0012-0105,2016-10-28T04:00:00Z,Equipment Dealers Association,Equipment Dealers Association,Higgins,Natalie,"Additional Comments - AEM, EDA",COLC-2015-0012-0105_Equipment-Dealers-Association_comment.txt,COLC-2015-0012-0105_Equipment-Dealers-Association_090000648234f0b8.pdf
COLC-2015-0012-0111,2016-10-28T04:00:00Z,"Rapid7, Bugcrowd, HackerOne, Luta Security","Rapid7, Bugcrowd, HackerOne, Luta Security",Geiger,Harley,"Additional Comments - Rapid7, Bugcrowd, HackerOne, Luta Security",COLC-2015-0012-0111_Rapid7-Bugcrowd-HackerOne-Luta-Security_comment.txt,COLC-2015-0012-0111_Rapid7-Bugcrowd-HackerOne-Luta-Security_09000064823589fd.pdf
COLC-2015-0012-0116,2016-10-28T04:00:00Z,"Authors Alliance, Inc.","Authors Alliance, Inc.",Wolfe,Michael,"Additional Comments - Authors Alliance, Inc.",COLC-2015-0012-0116_Authors-Alliance-Inc._comment.txt,COLC-2015-0012-0116_Authors-Alliance-Inc._0900006482359360.pdf
COLC-2015-0012-0112,2016-10-28T04:00:00Z,Competitive Carriers Association,Competitive Carriers Association,Murphy Thompson,Rebecca,Additional Comments - Competitive Carriers Association,COLC-2015-0012-0112_Competitive-Carriers-Association_comment.txt,COLC-2015-0012-0112_Competitive-Carriers-Association_0900006482358d66.pdf
COLC-2015-0012-0127,2016-10-28T04:00:00Z,Public Knowledge,Public Knowledge,Panjwani,Raza,Additional Comments - Public Knowledge,COLC-2015-0012-0127_Public-Knowledge_comment.txt,COLC-2015-0012-0127_Public-Knowledge_090000648235a159.pdf
COLC-2015-0012-0139,2016-11-17T05:00:00Z,"AAP, ESA, MPAA, RIAA","AAP, ESA, MPAA, RIAA",Williams,J. Matthew,"Additional Reply Comments - AAP, ESA, MPAA, RIAA",COLC-2015-0012-0139_AAP-ESA-MPAA-RIAA_comment.txt,COLC-2015-0012-0139_AAP-ESA-MPAA-RIAA_090000648239b52a.pdf
COLC-2015-0012-0138,2016-11-17T05:00:00Z,Consumers Union,Consumers Union,Slover,George,Additional Reply Comments - Consumers Union,COLC-2015-0012-0138_Consumers-Union_comment.txt,COLC-2015-0012-0138_Consumers-Union_090000648239ac79.pdf
COLC-2015-0012-0124,2016-10-28T04:00:00Z,"AFB, ACB, NFB, Learning Ally, and TLPC","AFB, ACB, NFB, Learning Ally, and TLPC",Reid,Blake,"Additional Comments - AFB, ACB, NFB, Learning Ally, TLPC",COLC-2015-0012-0124_AFB-ACB-NFB-Learning-Ally-and-TLPC_comment.txt,COLC-2015-0012-0124_AFB-ACB-NFB-Learning-Ally-and-TLPC_0900006482359b8d.pdf
COLC-2015-0012-0110,2016-10-28T04:00:00Z,Center for Democracy & Technology,Center for Democracy & Technology,Adams,Stan,Additional Comments - Center for Democracy & Technology,COLC-2015-0012-0110_Center-for-Democracy-Technology_comment.txt,COLC-2015-0012-0110_Center-for-Democracy-Technology_09000064823589cd.pdf
COLC-2015-0012-0115,2016-10-28T04:00:00Z,American Association of Law Libraries,American Association of Law Libraries,Feltren,Emily,Additional Comments - American Association of Law Libraries,COLC-2015-0012-0115_American-Association-of-Law-Libraries_comment.txt,COLC-2015-0012-0115_American-Association-of-Law-Libraries_0900006482358d94.pdf
COLC-2015-0012-0126,2016-10-28T04:00:00Z,The Repair Association & iFixit,The Repair Association & iFixit,Villa,Luis,"Additional Comments - The Repair Association, iFixit",COLC-2015-0012-0126_The-Repair-Association-iFixit_comment.txt,COLC-2015-0012-0126_The-Repair-Association-iFixit_0900006482359cd8.pdf
COLC-2015-0012-0125,2016-10-28T04:00:00Z,"Institute of Scrap Recycling Industries, Inc.","Institute of Scrap Recycling Industries, Inc.",Malone,Phil,"Additional Comments - Institute of Scrap Recycling Industries, Inc.",COLC-2015-0012-0125_Institute-of-Scrap-Recycling-Industries-Inc._comment.txt,COLC-2015-0012-0125_Institute-of-Scrap-Recycling-Industries-Inc._0900006482359cac.pdf
COLC-2015-0012-0128,2016-10-28T04:00:00Z,The Security Researchers,The Security Researchers,Matwyshyn,Andrea,Additional Comments - The Security Researchers,COLC-2015-0012-0128_The-Security-Researchers_comment.txt,COLC-2015-0012-0128_The-Security-Researchers_090000648235a535.pdf
COLC-2015-0012-0100,2016-10-28T04:00:00Z,Wilkin-John,,Wilkin,John,Additional Comments - University Library of the University of Illinois at Urbana-Champaign,COLC-2015-0012-0100_Wilkin-John_comment.txt,COLC-2015-0012-0100_Wilkin-John_090000648230420d.pdf
COLC-2015-0012-0106,2016-10-28T04:00:00Z,Cohen-Misha,,Cohen,Misha,"Additional Comments - Cohen, Misha",COLC-2015-0012-0106_Cohen-Misha_comment.txt,
COLC-2015-0012-0134,2016-11-17T05:00:00Z,Kenney-Kevin,,Kenney,Kevin,"Additional Reply Comments - Kenney, Kevin",COLC-2015-0012-0134_Kenney-Kevin_comment.txt,
COLC-2015-0012-0015,2016-03-04T05:00:00Z,Howes-Timothy,,Howes,Timothy,Initial Comments -  Timothy Howes,COLC-2015-0012-0015_Howes-Timothy_comment.txt,
COLC-2015-0012-0069,2016-03-04T05:00:00Z,Robbins-Rico,,Robbins,Rico,Initial Comments - Rico Robbins,COLC-2015-0012-0069_Robbins-Rico_comment.txt,
COLC-2015-0012-0074,2016-04-03T04:00:00Z,Blocher-Smith-Ethan,,Blocher-Smith,Ethan,Initial Reply Comments - Ethan Blocher-Smith,COLC-2015-0012-0074_Blocher-Smith-Ethan_comment.txt,
COLC-2015-0012-0042,2016-03-04T05:00:00Z,Consumers Union,Consumers Union,Slover,George,Initial Comments - Consumers Union,COLC-2015-0012-0042_Consumers-Union_comment.txt,COLC-2015-0012-0042_Consumers-Union_0900006481e9ee60.pdf
COLC-2015-0012-0099,2016-10-28T04:00:00Z,Hawley-Andy,,Hawley,Andy,"Additional Comments - Hawley, Andy",COLC-2015-0012-0099_Hawley-Andy_comment.txt,
COLC-2015-0012-0003,2016-03-04T05:00:00Z,The Center for Copyright Integrity,The Center for Copyright Integrity,Devorah,Carrie,Initial Comments - Carrie Devorah,COLC-2015-0012-0003_The-Center-for-Copyright-Integrity_comment.txt,
COLC-2015-0012-0061,2016-03-04T05:00:00Z,Center for Democracy & Technology,Center for Democracy & Technology,Stallman,Erik,Initial Comments - Center for Democracy & Technology,COLC-2015-0012-0061_Center-for-Democracy-Technology_comment.txt,COLC-2015-0012-0061_Center-for-Democracy-Technology_0900006481e9fd73.pdf
COLC-2015-0012-0057,2016-03-04T05:00:00Z,ACT | The App Association,ACT | The App Association,Scarpelli,Brian,Initial Comments - ACT | The App Association,COLC-2015-0012-0057_ACT-The-App-Association_comment.txt,COLC-2015-0012-0057_ACT-The-App-Association_0900006481e9f69c.pdf
COLC-2015-0012-0066,2016-03-04T05:00:00Z,American Foundation for the Blind,American Foundation for the Blind,Malone,Phil,Initial Comments - American Foundation for the Blind,COLC-2015-0012-0066_American-Foundation-for-the-Blind_comment.txt,COLC-2015-0012-0066_American-Foundation-for-the-Blind_0900006481e9f992.pdf
COLC-2015-0012-0049,2016-03-04T05:00:00Z,"Kernochan Center for Law, Media and the Arts, Columbia Law School","Kernochan Center for Law, Media and the Arts, Columbia Law School",Besek,June,"Initial Comments - Kernochan Center for Law, Media and the Arts, Columbia Law School",COLC-2015-0012-0049_Kernochan-Center-for-Law-Media-and-the-Arts-Columbia-Law-Sch_comment.txt,COLC-2015-0012-0049_Kernochan-Center-for-Law-Media-and-the-Arts-Columbia-Law-Sch_0900006481e9f274.docx|COLC-2015-0012-0049_Kernochan-Center-for-Law-Media-and-the-Arts-Columbia-Law-Sch_0900006481e9f274.pdf
COLC-2015-0012-0058,2016-03-04T05:00:00Z,Electronic Frontier Foundation,Electronic Frontier Foundation,Stoltz,Mitch,Initial Comments - Electronic Frontier Foundation,COLC-2015-0012-0058_Electronic-Frontier-Foundation_comment.txt,COLC-2015-0012-0058_Electronic-Frontier-Foundation_0900006481e9f7b7.pdf
COLC-2015-0012-0033,2016-03-04T05:00:00Z,"AAU, ACE, APLU, EDUCAUSE","AAU, ACE, APLU, EDUCAUSE",Sebeok,Jessica,"Initial Comments - AAU, ACE, APLU, EDUCAUSE",COLC-2015-0012-0033_AAU-ACE-APLU-EDUCAUSE_comment.txt,COLC-2015-0012-0033_AAU-ACE-APLU-EDUCAUSE_0900006481e9cad7.docx|COLC-2015-0012-0033_AAU-ACE-APLU-EDUCAUSE_0900006481e9cad7.pdf|COLC-2015-0012-0033_AAU-ACE-APLU-EDUCAUSE_0900006481e9cad8.pdf
COLC-2015-0012-0021,2016-03-04T05:00:00Z,Organization for Transformative Works,Organization for Transformative Works,Tushnet,Rebecca,Initial Comments - Organization for Transformative Works,COLC-2015-0012-0021_Organization-for-Transformative-Works_comment.txt,COLC-2015-0012-0021_Organization-for-Transformative-Works_0900006481e82d45.pdf
COLC-2015-0012-0087,2016-04-03T04:00:00Z,Public Knowledge,Public Knowledge,Panjwani,Raza,Initial Reply Comments - Public Knowledge,COLC-2015-0012-0087_Public-Knowledge_comment.txt,COLC-2015-0012-0087_Public-Knowledge_0900006481f201f0.pdf
COLC-2015-0012-0078,2016-04-03T04:00:00Z,Entertainment Software Association,Entertainment Software Association,Englund,Steve,Initial Reply Comments - Entertainment Software Association (ESA),COLC-2015-0012-0078_Entertainment-Software-Association_comment.txt,COLC-2015-0012-0078_Entertainment-Software-Association_0900006481f1170f.pdf
COLC-2015-0012-0035,2016-03-04T05:00:00Z,Library Copyright Alliance,Library Copyright Alliance,Band,Jonathan,Initial Comments - Library Copyright Alliance,COLC-2015-0012-0035_Library-Copyright-Alliance_comment.txt,COLC-2015-0012-0035_Library-Copyright-Alliance_0900006481e9d405.pdf
COLC-2015-0012-0032,2016-03-04T05:00:00Z,Authors Alliance,Authors Alliance,Wolfe,Michael,Initial Comments - Authors Alliance,COLC-2015-0012-0032_Authors-Alliance_comment.txt,COLC-2015-0012-0032_Authors-Alliance_0900006481e9c125.pdf
COLC-2015-0012-0037,2016-03-04T05:00:00Z,Owners' Rights Initiative,Owners' Rights Initiative,Band,Jonathan,Initial Comments - Owners' Rights Initiative,COLC-2015-0012-0037_Owners-Rights-Initiative_comment.txt,COLC-2015-0012-0037_Owners-Rights-Initiative_0900006481e9e16b.pdf
COLC-2015-0012-0029,2016-03-04T05:00:00Z,New Media Rights,New Media Rights,Neill,Art,Initial Comments - New Media Rights,COLC-2015-0012-0029_New-Media-Rights_comment.txt,COLC-2015-0012-0029_New-Media-Rights_0900006481e9756c.pdf
COLC-2015-0012-0016,2016-03-04T05:00:00Z,Society of American Archivists,Society of American Archivists,Meissner,Dennis,Initial Comments - Society of American Archivists,COLC-2015-0012-0016_Society-of-American-Archivists_comment.txt,COLC-2015-0012-0016_Society-of-American-Archivists_0900006481e76d2d.pdf
COLC-2015-0012-0052,2016-03-04T05:00:00Z,Cyberlaw Clinic at Harvard Law School,Cyberlaw Clinic at Harvard Law School,Sellars,Andrew,Initial Comments - Cyberlaw Clinic at Harvard Law School,COLC-2015-0012-0052_Cyberlaw-Clinic-at-Harvard-Law-School_comment.txt,COLC-2015-0012-0052_Cyberlaw-Clinic-at-Harvard-Law-School_0900006481e9f2c1.pdf
COLC-2015-0012-0067,2016-03-04T05:00:00Z,Decherney-Peter,,Decherney,Peter,Initial Comments - Peter Decherney,COLC-2015-0012-0067_Decherney-Peter_comment.txt,COLC-2015-0012-0067_Decherney-Peter_0900006481e9f9a2.pdf
COLC-2015-0012-0054,2016-03-04T05:00:00Z,Microsoft Corporation,Microsoft Corporation,Green,Dave,Initial Comments - Microsoft Corporation,COLC-2015-0012-0054_Microsoft-Corporation_comment.txt,COLC-2015-0012-0054_Microsoft-Corporation_0900006481e9f5be.pdf
COLC-2015-0012-0055,2016-03-04T05:00:00Z,Mozilla,Mozilla,West,Heather,Initial Comments - Mozilla,COLC-2015-0012-0055_Mozilla_comment.txt,COLC-2015-0012-0055_Mozilla_0900006481e9f373.pdf
COLC-2015-0012-0064,2016-03-04T05:00:00Z,Freeman-Jay,,Freeman,Jay,Initial Comments - Jay Freeman,COLC-2015-0012-0064_Freeman-Jay_comment.txt,COLC-2015-0012-0064_Freeman-Jay_0900006481e9f99f.pdf
COLC-2015-0012-0053,2016-03-04T05:00:00Z,iFixit,iFixit,Wiens,Kyle,Initial Comments - iFixit,COLC-2015-0012-0053_iFixit_comment.txt,COLC-2015-0012-0053_iFixit_0900006481e9f2f8.pdf
COLC-2015-0012-0131,2016-11-03T04:00:00Z,Free Software Foundation,Free Software Foundation,Robinson,Donald,Additional Comments - Free Software Foundation,COLC-2015-0012-0131_Free-Software-Foundation_comment.txt,COLC-2015-0012-0131_Free-Software-Foundation_090000648236e2c8.pdf
COLC-2015-0012-0121,2016-10-28T04:00:00Z,SIIA,SIIA,Mohr,Chris,Additional Comments - Software and Information Industry Association,COLC-2015-0012-0121_SIIA_comment.txt,COLC-2015-0012-0121_SIIA_0900006482359a99.pdf
COLC-2015-0012-0107,2016-10-28T04:00:00Z,Owners' Rights Initiative,Owners' Rights Initiative,Band,Jonathan,Additional Comments - Owners' Rights Initiative,COLC-2015-0012-0107_Owners-Rights-Initiative_comment.txt,COLC-2015-0012-0107_Owners-Rights-Initiative_090000648235780b.pdf
COLC-2015-0012-0108,2016-10-28T04:00:00Z,Software Preservation Network,Software Preservation Network,Meyerson,Jessica,Additional Comments - Software Preservation Network,COLC-2015-0012-0108_Software-Preservation-Network_comment.txt,
COLC-2015-0012-0141,2016-11-17T05:00:00Z,SIIA,SIIA,Mohr,Chris,Additional Reply Comments - SIIA,COLC-2015-0012-0141_SIIA_comment.txt,COLC-2015-0012-0141_SIIA_090000648239b5d4.pdf
COLC-2015-0012-0140,2016-11-17T05:00:00Z,The Repair Association & iFixit,The Repair Association & iFixit,Villa,Luis,Additional Reply Comments - The Repair Association & iFixit,COLC-2015-0012-0140_The-Repair-Association-iFixit_comment.txt,COLC-2015-0012-0140_The-Repair-Association-iFixit_090000648239b570.pdf
COLC-2015-0012-0048,2016-03-04T05:00:00Z,"Static Control Components, Inc.","Static Control Components, Inc.",London,William,"Initial Comments - Static Control Components, Inc.",COLC-2015-0012-0048_Static-Control-Components-Inc._comment.txt,COLC-2015-0012-0048_Static-Control-Components-Inc._0900006481e9f270.pdf
COLC-2015-0012-0044,2016-03-04T05:00:00Z,Consumer Technology Association,Consumer Technology Association,Petricone,Michael,Initial Comments - Consumer Technology Association,COLC-2015-0012-0044_Consumer-Technology-Association_comment.txt,COLC-2015-0012-0044_Consumer-Technology-Association_0900006481e9f160.pdf
COLC-2015-0012-0041,2016-03-04T05:00:00Z,AIPLA,AIPLA,Gervasi,Christina,Initial Comments - AIPLA,COLC-2015-0012-0041_AIPLA_comment.txt,COLC-2015-0012-0041_AIPLA_0900006481e9ebb7.pdf
COLC-2015-0012-0046,2016-03-04T05:00:00Z,ACM U.S. Public Policy Council,ACM U.S. Public Policy Council,Spafford,Eugene,Initial Comments - ACM U.S. Public Policy Council,COLC-2015-0012-0046_ACM-U.S.-Public-Policy-Council_comment.txt,COLC-2015-0012-0046_ACM-U.S.-Public-Policy-Council_0900006481e9ef28.pdf
COLC-2015-0012-0004,2016-03-04T05:00:00Z,Koberidze-Maryna,,Koberidze,Maryna,Initial Comments - Maryna Koberidze,COLC-2015-0012-0004_Koberidze-Maryna_comment.txt,COLC-2015-0012-0004_Koberidze-Maryna_0900006481e4bb0c.pdf
COLC-2015-0012-0011,2016-03-04T05:00:00Z,Ganivet-Nicolas,,Ganivet,Nicolas,Initial Comments - Nicolas Ganivet,COLC-2015-0012-0011_Ganivet-Nicolas_comment.txt,
COLC-2015-0012-0012,2016-03-04T05:00:00Z,Westbay-Michael,,Westbay,Michael,Initial Comments - Michael Westbay,COLC-2015-0012-0012_Westbay-Michael_comment.txt,
COLC-2015-0012-0039,2016-03-04T05:00:00Z,Anonymous-Brandon,,Anonymous,Brandon,Initial Comments - Brandon Anonymous,COLC-2015-0012-0039_Anonymous-Brandon_comment.txt,
COLC-2015-0012-0073,2016-04-03T04:00:00Z,Mabe-Michael,,Mabe,Michael,Initial Reply Comments - International Association of Scientific Technical and Medical Publishers (STM),COLC-2015-0012-0073_Mabe-Michael_comment.txt,COLC-2015-0012-0073_Mabe-Michael_0900006481eedbef.pdf
COLC-2015-0012-0092,2016-10-28T04:00:00Z,Maciulski-Victoria,,Maciulski,Victoria,"Additional Comments - Maciulski, Victoria",COLC-2015-0012-0092_Maciulski-Victoria_comment.txt,
COLC-2015-0012-0010,2016-03-04T05:00:00Z,Anonymous-Anonymous,,Anonymous,Anonymous,Initial Comments -  Anonymous Anonymous,COLC-2015-0012-0010_Anonymous-Anonymous_comment.txt,
COLC-2015-0012-0013,2016-03-04T05:00:00Z,Rocha-Matias,,Rocha,Matias,Initial Comments -  Matias Rocha,COLC-2015-0012-0013_Rocha-Matias_comment.txt,
COLC-2015-0012-0014,2016-03-04T05:00:00Z,Oster-David,,Oster,David,Initial Comments -  David Oster,COLC-2015-0012-0014_Oster-David_comment.txt,
COLC-2015-0012-0076,2016-04-03T04:00:00Z,Copyright Alliance,Copyright Alliance,Kupferschmid,Keith,Initial Reply Comments - Copyright Alliance,COLC-2015-0012-0076_Copyright-Alliance_comment.txt,COLC-2015-0012-0076_Copyright-Alliance_0900006481f0ed44.pdf
COLC-2015-0012-0144,2016-11-17T05:00:00Z,Public Knowledge,Public Knowledge,Panjwani,Raza,Additional Reply Comments - Public Knowledge,COLC-2015-0012-0144_Public-Knowledge_comment.txt,COLC-2015-0012-0144_Public-Knowledge_090000648239bc5d.pdf
COLC-2015-0012-0143,2016-11-17T05:00:00Z,Electronic Frontier Foundation,Electronic Frontier Foundation,Stoltz,Mitch,Additional Reply Comments - Electronic Frontier Foundation,COLC-2015-0012-0143_Electronic-Frontier-Foundation_comment.txt,COLC-2015-0012-0143_Electronic-Frontier-Foundation_090000648239b602.pdf
COLC-2015-0012-0091,2016-10-28T04:00:00Z,Josephs-John,,Josephs,John,"Additional Comments - Josephs, John",COLC-2015-0012-0091_Josephs-John_comment.txt,
COLC-2015-0012-0097,2016-10-28T04:00:00Z,Self,Self,Matthews,Edward,"Additional Comments - Matthews, Edward",COLC-2015-0012-0097_Self_comment.txt,
COLC-2015-0012-0080,2016-04-03T04:00:00Z,American Automobile Association,American Automobile Association,Ingrassia,Jill,Initial Reply Comments - American Automobile Association (AAA),COLC-2015-0012-0080_American-Automobile-Association_comment.txt,COLC-2015-0012-0080_American-Automobile-Association_0900006481f17e0f.pdf
COLC-2015-0012-0081,2016-04-03T04:00:00Z,International Documentary Association and seven other filmmaker organizations,International Documentary Association and seven other filmmaker organizations,Lerner,Jack,Initial Reply Comments - Intl Doc Association et al (IDA),COLC-2015-0012-0081_International-Documentary-Association-and-seven-other-filmma_comment.txt,COLC-2015-0012-0081_International-Documentary-Association-and-seven-other-filmma_0900006481f192c4.pdf
COLC-2015-0012-0022,2016-03-04T05:00:00Z,Learning Disabilities Association of America,Learning Disabilities Association of America,Noble,Steve,Initial Comments - Learning Disabilities Association of America,COLC-2015-0012-0022_Learning-Disabilities-Association-of-America_comment.txt,COLC-2015-0012-0022_Learning-Disabilities-Association-of-America_0900006481e85b63.docx|COLC-2015-0012-0022_Learning-Disabilities-Association-of-America_0900006481e85b63.pdf
COLC-2015-0012-0031,2016-03-04T05:00:00Z,Alliance of Automobile Manufacturers,Alliance of Automobile Manufacturers,Metalitz,Steven,Initial Comments - Alliance of Automobile Manufacturers,COLC-2015-0012-0031_Alliance-of-Automobile-Manufacturers_comment.txt,COLC-2015-0012-0031_Alliance-of-Automobile-Manufacturers_0900006481e9b3e3.pdf
COLC-2015-0012-0038,2016-03-04T05:00:00Z,Entertainment Software Association,Entertainment Software Association,Englund,Steven,Initial Comments - Entertainment Software Association,COLC-2015-0012-0038_Entertainment-Software-Association_comment.txt,COLC-2015-0012-0038_Entertainment-Software-Association_0900006481e9e431.pdf
COLC-2015-0012-0005,2016-03-04T05:00:00Z,R Street Institute,R Street Institute,Gellis,Catherine,Initial Comments -  R Street Institute,COLC-2015-0012-0005_R-Street-Institute_comment.txt,COLC-2015-0012-0005_R-Street-Institute_0900006481e6f314.pdf
COLC-2015-0012-0056,2016-03-04T05:00:00Z,USC Intellectual Property and Technology Law Clinic,USC Intellectual Property and Technology Law Clinic,Barreiro,Valerie,Initial Comments - USC Intellectual Property and Technology Law Clinic,COLC-2015-0012-0056_USC-Intellectual-Property-and-Technology-Law-Clinic_comment.txt,COLC-2015-0012-0056_USC-Intellectual-Property-and-Technology-Law-Clinic_0900006481e9f69a.pdf
COLC-2015-0012-0062,2016-03-04T05:00:00Z,Knowledge Ecology International,Knowledge Ecology International,Goldman,Andrew,Initial Comments - Knowledge Ecology International,COLC-2015-0012-0062_Knowledge-Ecology-International_comment.txt,COLC-2015-0012-0062_Knowledge-Ecology-International_0900006481e9f98c.pdf
COLC-2015-0012-0063,2016-03-04T05:00:00Z,"International Documentary Association, Film Independent, Kartemquin Educational Films","International Documentary Association, Film Independent, Kartemquin Educational Films",Lerner,Jack,"Initial Comments - International Documentary Association, Film Independent, Kartemquin Educational Films",COLC-2015-0012-0063_International-Documentary-Association-Film-Independent-Karte_comment.txt,COLC-2015-0012-0063_International-Documentary-Association-Film-Independent-Karte_0900006481e9fd76.pdf
COLC-2015-0012-0027,2016-03-04T05:00:00Z,Feltren-Emily,,Feltren,Emily,Initial Comments - American Association of Law Libraries,COLC-2015-0012-0027_Feltren-Emily_comment.txt,COLC-2015-0012-0027_Feltren-Emily_0900006481e8bf0d.pdf
COLC-2015-0012-0040,2016-03-04T05:00:00Z,Competitive Carriers Association,Competitive Carriers Association,Thompson,Rebecca,Initial Comments - Competitive Carriers Association,COLC-2015-0012-0040_Competitive-Carriers-Association_comment.txt,COLC-2015-0012-0040_Competitive-Carriers-Association_0900006481e9e8b0.pdf
COLC-2015-0012-0060,2016-03-04T05:00:00Z,DIYAbility,DIYAbility,Williamson,Aaron,Initial Comments - DIYAbility,COLC-2015-0012-0060_DIYAbility_comment.txt,
COLC-2015-0012-0120,2016-10-28T04:00:00Z,Auto Care Association,Auto Care Association,Lowe,Aaron,Additional Comments - Auto Care Association,COLC-2015-0012-0120_Auto-Care-Association_comment.txt,COLC-2015-0012-0120_Auto-Care-Association_0900006482359a95.pdf
COLC-2015-0012-0119,2016-10-28T04:00:00Z,Consumer Technology Association,Consumer Technology Association,Petricone,Michael,Additional Comments - Consumer Technology Association,COLC-2015-0012-0119_Consumer-Technology-Association_comment.txt,COLC-2015-0012-0119_Consumer-Technology-Association_0900006482359892.pdf
COLC-2015-0012-0114,2016-10-28T04:00:00Z,"International Imaging Technology Council and Static Control Components, Inc.","International Imaging Technology Council and Static Control Components, Inc.",London,William,"Additional Comments - IITC, Static Control",COLC-2015-0012-0114_International-Imaging-Technology-Council-and-Static-Control-_comment.txt,COLC-2015-0012-0114_International-Imaging-Technology-Council-and-Static-Control-_0900006482358cb5.pdf
COLC-2015-0012-0113,2016-10-28T04:00:00Z,"AAP, ESA, MPAA, RIAA","AAP, ESA, MPAA, RIAA",Williams,J. Matthew,"Additional Comments - AAP, ESA, MPAA, RIAA",COLC-2015-0012-0113_AAP-ESA-MPAA-RIAA_comment.txt,COLC-2015-0012-0113_AAP-ESA-MPAA-RIAA_0900006482358cb3.pdf
COLC-2015-0012-0082,2016-04-03T04:00:00Z,Electronic Frontier Foundation,Electronic Frontier Foundation,Stoltz,Mitch,Initial Reply Comments - Electronic Frontier Foundation (EFF),COLC-2015-0012-0082_Electronic-Frontier-Foundation_comment.txt,COLC-2015-0012-0082_Electronic-Frontier-Foundation_0900006481f1b577.pdf
COLC-2015-0012-0083,2016-04-03T04:00:00Z,USC Intellectual Property and Technology Law Clinic,USC Intellectual Property and Technology Law Clinic,Barreiro,Valerie,Initial Reply Comments - USC Intellectual Property and Technology Law Clinic,COLC-2015-0012-0083_USC-Intellectual-Property-and-Technology-Law-Clinic_comment.txt,COLC-2015-0012-0083_USC-Intellectual-Property-and-Technology-Law-Clinic_0900006481f1b970.pdf
COLC-2015-0012-0047,2016-03-04T05:00:00Z,Rapid7,Rapid7,Geiger,Harley,Initial Comments - Rapid7,COLC-2015-0012-0047_Rapid7_comment.txt,COLC-2015-0012-0047_Rapid7_0900006481e9f256.pdf
COLC-2015-0012-0043,2016-03-04T05:00:00Z,New America's Open Technology Institute,New America's Open Technology Institute,Greene,Robyn,Initial Comments - New America's Open Technology Institute,COLC-2015-0012-0043_New-America-s-Open-Technology-Institute_comment.txt,COLC-2015-0012-0043_New-America-s-Open-Technology-Institute_0900006481e9f15d.pdf
COLC-2015-0012-0017,2016-03-04T05:00:00Z,Brickel-Joshua,,Brickel,Joshua,Initial Comments -  Joshua Brickel,COLC-2015-0012-0017_Brickel-Joshua_comment.txt,
COLC-2015-0012-0025,2016-03-04T05:00:00Z,Pearson-Timothy,,Pearson,Timothy,Initial Comments - Timothy Pearson,COLC-2015-0012-0025_Pearson-Timothy_comment.txt,
COLC-2015-0012-0020,2016-03-04T05:00:00Z,starelikemckeehen poker club,starelikemckeehen poker club,McKeehen,S,Initial Comments - Starelikemckeehen Poker Club,COLC-2015-0012-0020_starelikemckeehen-poker-club_comment.txt,
COLC-2015-0012-0089,2016-10-28T04:00:00Z,Izquierdo-Cecilio,,Izquierdo,Cecilio,"Additional Comments - Izquierdo, Cecilio",COLC-2015-0012-0089_Izquierdo-Cecilio_comment.txt,
COLC-2015-0012-0090,2016-10-28T04:00:00Z,Flit-Mike,,Flit,Mike,"Additional Comments - Flit, Mike",COLC-2015-0012-0090_Flit-Mike_comment.txt,
COLC-2015-0012-0098,2016-10-28T04:00:00Z,kalfus-eleni,,kalfus,eleni,"Additional Comments - Kalfus, Eleni",COLC-2015-0012-0098_kalfus-eleni_comment.txt,
COLC-2015-0012-0075,2016-04-03T04:00:00Z,Library Copyright Alliance,Library Copyright Alliance,Band,Jonathan,Initial Reply Comments - Library Copyright Alliance (LCA),COLC-2015-0012-0075_Library-Copyright-Alliance_comment.txt,COLC-2015-0012-0075_Library-Copyright-Alliance_0900006481f0d563.pdf
COLC-2015-0012-0084,2016-04-03T04:00:00Z,SIIA,SIIA,Mohr,Chris,Initial Reply Comments - Software and Information Industry Association (SIIA),COLC-2015-0012-0084_SIIA_comment.txt,COLC-2015-0012-0084_SIIA_0900006481f1c6ea.pdf
COLC-2015-0012-0085,2016-04-03T04:00:00Z,"DVD Copy Control Association and Access Content System Licensing Administrator, LLC","DVD Copy Control Association and Access Content System Licensing Administrator, LLC",Turnbull,Bruce,Initial Reply Comments - DVD CCA and AACS LA,COLC-2015-0012-0085_DVD-Copy-Control-Association-and-Access-Content-System-Licen_comment.txt,COLC-2015-0012-0085_DVD-Copy-Control-Association-and-Access-Content-System-Licen_0900006481f1d1ba.pdf
COLC-2015-0012-0123,2016-10-28T04:00:00Z,Library Copyright Alliance,Library Copyright Alliance,Band,Jonathan,Additional Comments - Library Copyright Alliance,COLC-2015-0012-0123_Library-Copyright-Alliance_comment.txt,COLC-2015-0012-0123_Library-Copyright-Alliance_09000064823598f3.pdf
COLC-2015-0012-0122,2016-10-28T04:00:00Z,Motor & Equipment Manufacturers Association,Motor & Equipment Manufacturers Association,Bruno,Sarah,Additional Comments - Motor & Equipment Manufacturers Association,COLC-2015-0012-0122_Motor-Equipment-Manufacturers-Association_comment.txt,COLC-2015-0012-0122_Motor-Equipment-Manufacturers-Association_09000064823598f1.pdf
COLC-2015-0012-0130,2016-10-28T04:00:00Z,Manion-Art,,Manion,Art,Additional Comments - CERT,COLC-2015-0012-0130_Manion-Art_comment.txt,COLC-2015-0012-0130_Manion-Art_090000648235a5ab.pdf
COLC-2015-0012-0103,2016-10-28T04:00:00Z,Society of American Archivists,Society of American Archivists,McGovern,Nancy,Additional Comments - Society of American Archivists,COLC-2015-0012-0103_Society-of-American-Archivists_comment.txt,COLC-2015-0012-0103_Society-of-American-Archivists_0900006482349384.pdf
COLC-2015-0012-0102,2016-10-28T04:00:00Z,"Author Services, Inc.","Author Services, Inc.",Hawkins,Ryland,"Additional Comments - Author Services, Inc.",COLC-2015-0012-0102_Author-Services-Inc._comment.txt,COLC-2015-0012-0102_Author-Services-Inc._090000648233826d.pdf
COLC-2015-0012-0104,2016-10-28T04:00:00Z,Mozilla,Mozilla,Riley,Chris,Additional Comments - Mozilla,COLC-2015-0012-0104_Mozilla_comment.txt,COLC-2015-0012-0104_Mozilla_090000648234a017.pdf
COLC-2015-0012-0118,2016-10-28T04:00:00Z,Electronic Frontier Foundation,Electronic Frontier Foundation,Stoltz,Mitchell,Additional Comments - Electronic Frontier Foundation,COLC-2015-0012-0118_Electronic-Frontier-Foundation_comment.txt,COLC-2015-0012-0118_Electronic-Frontier-Foundation_0900006482359890.pdf
COLC-2015-0012-0117,2016-10-28T04:00:00Z,BSA | The Software Alliance,BSA | The Software Alliance,Troncoso,Christian,Additional Comments - BSA | The Software Alliance,COLC-2015-0012-0117_BSA-The-Software-Alliance_comment.txt,COLC-2015-0012-0117_BSA-The-Software-Alliance_09000064823596f8.pdf
COLC-2015-0012-0129,2016-10-28T04:00:00Z,DVD CCA and AACS LA,DVD CCA and AACS LA,Turnbull,Bruce,"Additional Comments - DVD CCA, AACS LA",COLC-2015-0012-0129_DVD-CCA-and-AACS-LA_comment.txt,COLC-2015-0012-0129_DVD-CCA-and-AACS-LA_090000648235a195.pdf
COLC-2015-0012-0109,2016-10-28T04:00:00Z,Copyright Alliance,Copyright Alliance,Hart,Terry,Additional Comments - Copyright Alliance,COLC-2015-0012-0109_Copyright-Alliance_comment.txt,COLC-2015-0012-0109_Copyright-Alliance_09000064823587ce.pdf
COLC-2015-0012-0133,2016-11-17T05:00:00Z,Horton-Micheal,,Horton,Micheal,"Additional Reply Comments - Horton, Michael",COLC-2015-0012-0133_Horton-Micheal_comment.txt,COLC-2015-0012-0133_Horton-Micheal_0900006482375a58.docx|COLC-2015-0012-0133_Horton-Micheal_0900006482375a58.pdf
COLC-2015-0012-0137,2016-11-17T05:00:00Z,New York Intellectual Property Law Association,New York Intellectual Property Law Association,Hanley,Walter,Additional Reply Comments - New York Intellectual Property Law Association,COLC-2015-0012-0137_New-York-Intellectual-Property-Law-Association_comment.txt,COLC-2015-0012-0137_New-York-Intellectual-Property-Law-Association_090000648239afb3.pdf
COLC-2015-0012-0135,2016-11-17T05:00:00Z,Auto Care Association,Auto Care Association,Lowe,Aaron,Additional Reply Comments - Auto Care Association,COLC-2015-0012-0135_Auto-Care-Association_comment.txt,COLC-2015-0012-0135_Auto-Care-Association_090000648239a218.pdf
COLC-2015-0012-0094,2016-10-28T04:00:00Z,Schechter-Michael,,Schechter,Michael,"Additional Comments - Schechter, Michael",COLC-2015-0012-0094_Schechter-Michael_comment.txt,
COLC-2015-0012-0096,2016-10-28T04:00:00Z,Oeth-Michael,,Oeth,Michael,"Additional Comments - Oeth, Michael",COLC-2015-0012-0096_Oeth-Michael_comment.txt,
COLC-2015-0012-0026,2016-03-04T05:00:00Z,Silas-Shelia,,Silas,Shelia,Initial Comments - Shelia Silas,COLC-2015-0012-0026_Silas-Shelia_comment.txt,
COLC-2015-0012-0093,2016-10-28T04:00:00Z,Eshom-Jeff,,Eshom,Jeff,"Additional Comments - Eshom, Jeff",COLC-2015-0012-0093_Eshom-Jeff_comment.txt,
COLC-2015-0012-0018,2016-03-04T05:00:00Z,Anderson-Marjorie,,Anderson,Marjorie,Initial Comments -  Marjorie Anderson,COLC-2015-0012-0018_Anderson-Marjorie_comment.txt,
COLC-2015-0012-0095,2016-10-28T04:00:00Z,Anonymous-Anonymous,,Anonymous,Anonymous,"Additional Comments - Anonymous, Anonymous",COLC-2015-0012-0095_Anonymous-Anonymous_comment.txt,
COLC-2015-0012-0136,2016-11-17T05:00:00Z,Copyright Alliance,Copyright Alliance,Hart,Terry,Additional Reply Comments - Copyright Alliance,COLC-2015-0012-0136_Copyright-Alliance_comment.txt,COLC-2015-0012-0136_Copyright-Alliance_090000648239a821.pdf
COLC-2015-0012-0145,2016-11-17T05:00:00Z,DVD CCA and AACS LA,DVD CCA and AACS LA,Turnbull,Bruce,Additional Reply Comments - DVD CCA and AACS LA,COLC-2015-0012-0145_DVD-CCA-and-AACS-LA_comment.txt,COLC-2015-0012-0145_DVD-CCA-and-AACS-LA_090000648239b496.pdf
COLC-2015-0012-0142,2016-11-17T05:00:00Z,Besek-June,,Besek,June,"Additional Reply Comments - Kernochan Center for Law, Media & the Arts",COLC-2015-0012-0142_Besek-June_comment.txt,COLC-2015-0012-0142_Besek-June_090000648239b5e4.docx|COLC-2015-0012-0142_Besek-June_090000648239b5e4.pdf
COLC-2015-0012-0059,2016-03-04T05:00:00Z,University of Virginia Library,University of Virginia Library,Butler,Brandon,Initial Comments - University of Virginia Library,COLC-2015-0012-0059_University-of-Virginia-Library_comment.txt,COLC-2015-0012-0059_University-of-Virginia-Library_0900006481e9f97a.pdf
COLC-2015-0012-0065,2016-03-04T05:00:00Z,"Institute of Scrap Recycling Industries, Inc.","Institute of Scrap Recycling Industries, Inc.",Malone,Phil,"Initial Comments - Institute of Scrap Recycling Industries, Inc.",COLC-2015-0012-0065_Institute-of-Scrap-Recycling-Industries-Inc._comment.txt,COLC-2015-0012-0065_Institute-of-Scrap-Recycling-Industries-Inc._0900006481e9f990.pdf
COLC-2015-0012-0051,2016-03-04T05:00:00Z,"DVD Copy Control Association and Advanced Access Content System Licensing Administrator, LLC","DVD Copy Control Association and Advanced Access Content System Licensing Administrator, LLC",Turnbull,Bruce,Initial Comments - DVD CCA and AACS LA,COLC-2015-0012-0051_DVD-Copy-Control-Association-and-Advanced-Access-Content-Sys_comment.txt,COLC-2015-0012-0051_DVD-Copy-Control-Association-and-Advanced-Access-Content-Sys_0900006481e9f54b.pdf
COLC-2015-0012-0050,2016-03-04T05:00:00Z,Software and Information Industry Association,Software and Information Industry Association,Mohr,Christopher,Initial Comments - Software and Information Industry Association,COLC-2015-0012-0050_Software-and-Information-Industry-Association_comment.txt,COLC-2015-0012-0050_Software-and-Information-Industry-Association_0900006481e9f549.pdf
COLC-2015-0012-0024,2016-03-04T05:00:00Z,"MIT Libraries, MIT Press, and MIT Office of Digital Learning","MIT Libraries, MIT Press, and MIT Office of Digital Learning",Bourg,Chris,"Initial Comments - MIT Libraries, MIT Press, and MIT Office of Digital Learning",COLC-2015-0012-0024_MIT-Libraries-MIT-Press-and-MIT-Office-of-Digital-Learning_comment.txt,COLC-2015-0012-0024_MIT-Libraries-MIT-Press-and-MIT-Office-of-Digital-Learning_0900006481e86218.pdf
COLC-2015-0012-0030,2016-03-04T05:00:00Z,BSA | The Software Alliance,BSA | The Software Alliance,Troncoso,Christian,Initial Comments - BSA | The Software Alliance,COLC-2015-0012-0030_BSA-The-Software-Alliance_comment.txt,COLC-2015-0012-0030_BSA-The-Software-Alliance_0900006481e9a667.pdf
COLC-2015-0012-0034,2016-03-04T05:00:00Z,Copyright Alliance,Copyright Alliance,Hart,Terry,Initial Comments - Copyright Alliance,COLC-2015-0012-0034_Copyright-Alliance_comment.txt,COLC-2015-0012-0034_Copyright-Alliance_0900006481e9cba9.pdf
COLC-2015-0012-0036,2016-03-04T05:00:00Z,Lowe-Aaron,,Lowe,Aaron,Initial Comments - Auto Care Association,COLC-2015-0012-0036_Lowe-Aaron_comment.txt,COLC-2015-0012-0036_Lowe-Aaron_0900006481e9dcff.pdf
COLC-2015-0012-0132,2016-11-17T05:00:00Z,Lu-Yifan,,Lu,Yifan,"Additional Reply Comments - Lu, Yifan",COLC-2015-0012-0132_Lu-Yifan_comment.txt,
COLC-2015-0012-0007,2016-03-04T05:00:00Z,Romeo-Dominic,,Romeo,Dominic,Initial Comments -  Dominic Romeo,COLC-2015-0012-0007_Romeo-Dominic_comment.txt,
COLC-2015-0012-0028,2016-03-04T05:00:00Z,Godwin-Mike,,Godwin,Mike,"Initial Comments - R Street Institute, FreedomWorks, and Niskanen Center",COLC-2015-0012-0028_Godwin-Mike_comment.txt,COLC-2015-0012-0028_Godwin-Mike_0900006481e97927.docx|COLC-2015-0012-0028_Godwin-Mike_0900006481e97927.pdf|COLC-2015-0012-0028_Godwin-Mike_0900006481eb3783.pdf
COLC-2015-0012-0019,2016-03-04T05:00:00Z,Hunt-Peter,,Hunt,Peter,Initial Comments -  Peter Hunt,COLC-2015-0012-0019_Hunt-Peter_comment.txt,COLC-2015-0012-0019_Hunt-Peter_0900006481e7d178.pdf
COLC-2015-0012-0068,2016-03-04T05:00:00Z,Public Knowledge,Public Knowledge,Panjwani,Raza,Initial Comments - Public Knowledge,COLC-2015-0012-0068_Public-Knowledge_comment.txt,COLC-2015-0012-0068_Public-Knowledge_0900006481e9f9ae.pdf
COLC-2015-0012-0077,2016-04-03T04:00:00Z,"AAP, MPAA and RIAA","AAP, MPAA and RIAA",Sheffner,Ben,"Initial Reply Comments - AAP, MPAA, RIAA",COLC-2015-0012-0077_AAP-MPAA-and-RIAA_comment.txt,COLC-2015-0012-0077_AAP-MPAA-and-RIAA_0900006481f1009e.pdf
